photo,target,scenario_radius_m,positions,boundary_rank_best,boundary_rank_worst,bbox_rank_best,bbox_rank_worst,boundary_distance_min_m,boundary_distance_max_m,camera_inside_target_positions,boundary_top5_excluded_positions,boundary_top8_excluded_positions,bbox_top8_excluded_positions,boundary_100m_cutoff_excluded_positions,bbox_100m_cutoff_excluded_positions
104,relation/3665416,10,49,2,3,2,2,29.8,49.72,0,0,0,0,0,0
104,relation/3665416,30,49,1,4,1,5,10.03,69.68,0,0,0,0,0,1
104,relation/3665416,60,49,1,7,1,7,0.12,99.65,3,2,0,0,0,14
105,way/105154961,10,49,1,6,2,5,29.34,48.98,0,3,0,0,0,0
105,way/105154961,30,49,1,8,1,7,11.11,68.82,0,19,0,0,0,0
105,way/105154961,60,49,1,12,1,12,4.21,98.71,1,25,9,6,0,7
106,way/150596899,10,49,1,2,1,2,1.78,19.94,0,0,0,0,0,0
106,way/150596899,30,49,1,6,1,4,0.79,39.6,3,2,0,0,0,0
106,way/150596899,60,49,1,8,1,9,2.94,69.46,1,13,0,1,0,0
107,way/135507463,10,49,9,12,12,17,63.96,83.95,0,49,49,49,0,49
107,way/135507463,30,49,3,18,9,26,43.97,103.95,0,43,31,49,1,43
107,way/135507463,60,49,3,24,4,35,14.05,133.95,0,38,29,41,14,37
108,relation/1383564,10,49,1,5,2,3,9.5,27.6,0,0,0,0,0,0
108,relation/1383564,30,49,1,5,1,4,1.4,46.93,3,0,0,0,0,0
108,relation/1383564,60,49,1,10,1,9,1.4,76.58,3,9,3,1,0,0
109,relation/17986347,10,49,1,1,1,2,0.13,9.14,22,0,0,0,0,0
109,relation/17986347,30,49,1,2,1,2,0.31,28.85,11,0,0,0,0,0
109,relation/17986347,60,49,1,2,1,3,0.72,58.63,6,0,0,0,0,11
110,way/1085593396,10,49,1,6,1,6,5.14,24.86,0,1,0,0,0,0
110,way/1085593396,30,49,1,8,1,8,0.35,44.83,3,14,0,0,0,0
110,way/1085593396,60,49,1,12,1,12,0.35,74.81,1,25,10,12,0,0
111,way/95290265,10,49,19,22,20,24,179.86,197.71,0,49,49,49,49,49
111,way/95290265,30,49,16,25,18,26,162.06,215.58,0,49,49,49,49,49
111,way/95290265,60,49,12,26,13,27,135.46,242.44,0,49,49,49,49,49
112,way/91256978,10,49,1,3,3,6,1.87,19.29,0,0,0,0,0,0
112,way/91256978,30,49,1,4,2,10,0.09,37.66,6,0,0,4,0,0
112,way/91256978,60,49,1,7,1,15,0.23,67.3,9,3,0,15,0,9
